category,name,designation,research_interests,areas_of_work,specialization,phone,room,email,profile
Administration,Prof. Prasad Krishna,"Director, NIT Calicut","Director, NIT Calicut; Director (Addl. charge), IIIT Kottayam",,,+91 0482-2202137 (Office),,director at iiitkottayam dot ac.in,
Administration,Dr. M Radhakrishnan,"Registrar, IIIT Kottayam","Registrar, IIIT Kottayam; Former Registrar, IISER-TVM; Former Dy. Registrar NIT Calicut",,,+91 0482-2202100,,registrar at iiitkottayam dot ac.in,
Administration,Prof Ashok S,Adjunct Professor and Professor In-charge (Academics),Adjunct Professor and Professor In-charge (Academics); Former Professor NIT Calicut,,,+91 0482-2202133,AC 307,pic.academics at iiitkottayam dot ac.in,
Administration,Dr. Ebin Deni Raj,Associate Dean (Academic Affairs),Associate Dean (Academic Affairs),,,+91 (0) 482-2202195,AC 308 / AA 117,ebindeniraj at iiitkottayam dot ac.in,
Administration,Dr Divya Sindhu Lekha,Associate Dean (Academic Affairs-PG),Associate Dean (Academic Affairs-PG),,,+91 (0) 482-2202161,BD 417 / AA 116,divyaslekha at iiitkottayam dot ac.in,
Administration,Dr. Bakkyaraj T,Associate Dean (Hostel Affairs & Student Events),Associate Dean (Hostel Affairs & Student Events),,,+91 (0) 482-2202160,AB 212 / AA 118,bakkyaraj at iiitkottayam dot ac.in,
Administration,Dr. J. V. Bibal Benifa,Associate Dean (Students Welfare & Career Development Services),Associate Dean (Students Welfare & Career Development Services),,,+91 (0) 482-2202163,AA 113/AB 216,benifa at iiitkottayam dot ac.in,
Administration,Dr. Ragesh G K,Associate Dean (Industrial Relations & Funding),Associate Dean (Industrial Relations & Funding),,,+91 (0) 482-2202175,CAB 103 B,ragesh at iiitkottayam dot ac.in,
Administration,Dr. Panchami V,"Associate Dean (Continuing Education, Training and Consultancy)","Associate Dean (Continuing Education, Training and Consultancy)",,,+91 (0) 482-2202151,BD 416 / AB 218,panchamam036 at iiitkottayam dot ac.in,
Administration,Dr. Shajulin Benedict,Associate Dean (Alumni & International Affairs),Associate Dean (Alumni & International Affairs),,,+91 (0) 482-2202155,,shajulin at iiitkottayam dot ac.in,
Administration,Dr. Ananth A,HOD (Electronics & Communication Engineering),HOD (Electronics & Communication Engineering),,,+91 (0) 482-2202191,AB 208 / AC 313,ananth at iiitkottayam dot ac.in,
Administration,Dr. Christina Terese Joseph,HOD(Computer Science & Engineering-1),HOD(Computer Science & Engineering-1),,,+91 (0) 482-2202190,AA 108 / AC 318,christina at iiitkottayam dot ac.in,
Administration,Dr. Rubell Marion Lincy G,HOD(Computer Science & Engineering-2),HOD(Computer Science & Engineering-2),,,+91 (0) 482-2202152,BC 317 / AB 219,lincy at iiitkottayam dot ac.in,
Administration,Dr. Dhanyamol M V,HOD (Computational Science & Humanities),HOD (Computational Science & Humanities),,,+91 (0) 482-2202162,BC 316 / AA 119,dhanya at iiitkottayam dot ac.in,
Administration,Dr. Arun Cyril Jose,HOD (CSE-Cyber Security),HOD (CSE-Cyber Security),,,+91 (0) 482-2202159,AB 213 /AA 122,aruncyril at iiitkottayam dot ac.in,
Administration,Dr. Koppala Guravaiah,Nodal/Liason Officer (SC/ST/OBC cell),Nodal/Liason Officer (SC/ST/OBC cell),,,+91 (0) 482-2202171,AA 105,kguravaiah at iiitkottayam dot ac.in,
Administration,Dr. Riyasudheen T K,Institute CVO,Institute CVO,,,+91 (0) 482-2202256,BD 412,riyasudheen at iiitkottayam dot ac.in,
Head of Department,Dr. Ananth A,,,,,0482-2202176,AB 208 / AC 313,ananth at iiitkottayam dot ac.in,https://www.iiitkottayam.ac.in/#!pdf/faculty//
Head of Department,Dr. Christina Terese Joseph,,,,,"0482-2202190, 0482-2202173",AA 108 / AC 318,christina at iiitkottayam dot ac.in,https://www.iiitkottayam.ac.in/#!pdf/faculty//
Head of Department,Dr. Rubell Marion Lincy G,,,,,0482-2202152,BC 317 / AB 219,lincy at iiitkottayam dot ac.in,https://www.iiitkottayam.ac.in/#!pdf/faculty//
Head of Department,Dr. Dhanyamol M V,,,,,0482-2202162,BC 316 / AA 119,dhanya at iiitkottayam dot ac.in,https://www.iiitkottayam.ac.in/#!pdf/faculty//
Head of Department,Dr. Arun Cyril Jose,,,,,0482-2202159,AA 122,aruncyril at iiitkottayam dot ac.in,https://www.iiitkottayam.ac.in/#!pdf/faculty//
Faculty,Prof Ashok S,Adjunct Professor,,Peak Load Management; Energy Management; Energy Modelling; Renewable Energy; Harmonics and Power Quality; Regulatory Economics; Switchgear&Protection; Illumination Engg.; Industrial Automation,,0482-2202133,AC 307,pic.academics at iiitkottayam dot ac.in,https://www.iiitkottayam.ac.in/#!pdf/faculty//
Faculty,Dr. Shajulin Benedict,Associate Professor,,Cloud Computing; IoT; Supercomputers; Parallel Compilers,,+91 (0) 482-2202155,,shajulin at iiitkottayam dot ac.in,https://www.iiitkottayam.ac.in/#!pdf/faculty//
Faculty,Dr. Ebin Deni Raj,Assistant Professor,,"Responsible AI; Explainable Machine Learning; AI for Social Good; Fairness, Accountability and Transparency in AI; Machine Learning; Data Science; Social Computing",,+91 (0) 482-2202195,AC 308 / AA 117,ebindeniraj at iiitkottayam dot ac.in,https://www.iiitkottayam.ac.in/#!faculty/ebin
Faculty,Dr. Bakkyaraj T,Assistant Professor,,Lie Group Analysis of Nonlinear Differential Equations; Representation Theory and Invariant Theory; Data Science,,+91 (0) 482-2202160,AB 212 / AA 118,bakkyaraj at iiitkottayam dot ac.in,https://www.iiitkottayam.ac.in/#!faculty/bakky
Faculty,Dr. Jayakrushna Sahoo,Assistant Professor,,Data Mining; Machine Learning; Cryptography (Digital Water Marking),,+91 (0) 482-2202164,AA123,jsahoo at iiitkottayam dot ac.in,https://www.iiitkottayam.ac.in/#!faculty/sahoo
Faculty,Dr. Kala S,Assistant Professor,,Reconfigurable Architectures; SoC Design Methodologies; FPGA and ASIC; VLSI and Embedded systems; Deep Learning Architectures; EDA and CAD tools; Secure Processor Architectures; Edge Computing; Hardware Security; Quantum Circuits and Quantum Chips,,+91 (0) 482-2202167,AC 314,kala at iiitkottayam dot ac.in,https://www.iiitkottayam.ac.in/#!faculty/kala
Faculty,Dr. Panchami V,Assistant Professor,,Quantum Cryptanalysis; Quantum Safe Communication Protocols; Authentication and Key Agreement (AKA); Blockchain Technology; IoT Security; Applied Cryptography; Post-Quantum Cryptography; Privacy Preserving Techniques for Federated Learning,,+91 (0) 482-2202151,BD 416 /AB 218,panchamam036 at iiitkottayam dot ac.in,https://www.iiitkottayam.ac.in/#!faculty/panchami
Faculty,Dr. P. Victer Paul,Assistant Professor,,Data Analytics; Data Science; AI for Social Good; Cloud Computing and Optimization,,+91 (0) 482-2202165,AC 312,victerpaul at iiitkottayam dot ac.in,https://www.iiitkottayam.ac.in/#!faculty/victer
Faculty,Dr Divya Sindhu Lekha,Assistant Professor,,Graph Theory; Network Science; Algorithms,,+91 (0) 482-2202161,BD 417 / AA 116,divyaslekha at iiitkottayam dot ac.in,https://www.iiitkottayam.ac.in/#!faculty/divya
Faculty,Dr. J. V. Bibal Benifa,Assistant Professor,,Cloud Computing and security; Big data analytics; Image Processing; Machine Learning,,+91 (0) 482-2202163,AA 113/AB 216,benifa at iiitkottayam dot ac.in,https://www.iiitkottayam.ac.in/#!faculty/bibal
Faculty,Dr. Arun Cyril Jose,Assistant Professor,,Smart Home Security; Device Fingerprinting; Logical Sensing from a Security Point of View; Behaviour Prediction from a Security Point of View; Different Surveillance Techniques; Security Based Social Engineering; Completely Anonymous Communication Over the Internet,,+91 (0)482-2202159,AB 213 /AA 122,aruncyril at iiitkottayam dot ac.in,https://www.iiitkottayam.ac.in/#!faculty/arun
Faculty,Dr. Manjith B.C.,Assistant Professor,,Reconfigurable Computing; Hardware Security; FPGA; Cryptographic Engines; Evolvable Hardware; ML in security,,+91 (0) 482-2202172,AA 106,manjithbc at iiitkottayam dot ac.in,https://www.iiitkottayam.ac.in/#!faculty/manjith
Faculty,Dr. Koppala Guravaiah,Assistant Professor,,"Internet of Things; Software Defined Networks; Wireless Sensor Networks; Natural Language Processing; Machine Learning and Deep Learning; Applications and Security aspects in IoT , WSN, & MANETs",,+91 (0) 482-2202171,AA 105,kguravaiah at iiitkottayam dot ac.in,https://www.iiitkottayam.ac.in/#!faculty/kgura
Faculty,Dr. Dhanyamol M V,Assistant Professor,,Graph Theory and Complex Networks; Brain Networks; Epidemic Spreading and Vaccination Strategies; Graph Embedding,,+91 (0) 482-2202162,BC 316 / AA 119,dhanya at iiitkottayam dot ac.in,https://www.iiitkottayam.ac.in/#!faculty/dhanya
Faculty,Dr. Christina Terese Joseph,Assistant Professor,,Microservices & Cloud-Native Architectures; MLOps & DevOps for Intelligent Systems; Cloud–Edge Continuum & Autonomic Orchestration; Graph Machine Learning & Network Analytics; Distributed & Cloud Computing; Data Mining & Knowledge Discovery; Federated Learning Systems (with focus on healthcare applications); Internet of Medical Things (IoMT); Metaheuristic Optimization; Machine Learning,,+91 (0) 482-2202173,AA 108 /AC 318,christina at iiitkottayam dot ac.in,https://www.iiitkottayam.ac.in/#!faculty/christina
Faculty,Dr. Rubell Marion Lincy G,Assistant Professor,,Stochastic Learning; Financial Decision Making; Fuzzy Expert Systems; Artificial Intelligence – Reinforcement Learning; Machine Learning; Data Science; Deep Learning; Quantum Computing and Programming; Quantum Machine Learning,,+91 (0) 482-2202152,BC 317 / AB 219,lincy at iiitkottayam dot ac.in,https://www.iiitkottayam.ac.in/#!faculty/lincy
Faculty,Dr. Ragesh G K,Assistant Professor,,Cryptography; Cloud Computing; Internet of Things; Wireless Networks,,+91 (0) 482-2202175,CAB 103 B,ragesh at iiitkottayam dot ac.in,https://www.iiitkottayam.ac.in/#!faculty/ragesh
Faculty,Dr. Amit Kumar Roy,Assistant Professor,,Cryptography; Network Security; Information Security; Cyber Security; Wireless Security; Intrusion Detection Systems,,+91 (0) 482-2202201,BD 407,amit at iiitkottayam dot ac.in,https://www.iiitkottayam.ac.in/#!faculty/amit
Faculty,Dr.John Paul Martin,Assistant Professor,,Distributed Computing; Edge/Fog Computing; Cloud Computing; IoT; DevOps and MLOps; Artificial Intelligence; Machine Learning; Optimisation Algorithms,,+91 (0) 482-2202202,BC 308,johnpaul at iiitkottayam dot ac.in,https://www.iiitkottayam.ac.in/#!faculty/john
Faculty,Dr. Cinu C Kiliroor,Assistant Professor,,Machine Learning; Data Science; AI for Social Good- Agriculture; Image Processing,,+91 (0) 482-2202204,AB 222,cinu at iiitkottayam dot ac.in,https://www.iiitkottayam.ac.in/#!faculty/cinu
Faculty,Dr. Vengadeswaran S,Assistant Professor,,Big Data; Distributed Databases; Large Scale Data Processing Frameworks; Machine Learning; Software Engineering; Data Visualisation,,+91 (0) 482-2202206,BB 210,vengadesh at iiitkottayam dot ac.in,https://www.iiitkottayam.ac.in/#!faculty/vengadeswaran
Faculty,Dr. Manu Madhavan,Assistant Professor,,"Natural Language Processing; Bioinformatics; Machine Learning; Computational Linguistics; Deep Learning, Graph Neural Networks",,+91 (0) 482-2202208,BC 307,manum at iiitkottayam dot ac.in,https://www.iiitkottayam.ac.in/#!faculty/manu
Faculty,Dr. Nandini J. Warrier,Assistant Professor,,Graph Theory; Operating Systems; Data Structures,,+91 (0) 482-2202209,BC 312,nandinijw at iiitkottayam dot ac.in,https://www.iiitkottayam.ac.in/#!faculty/nandini
Faculty,Dr. Selvi C,Assistant Professor,,Recommender Systems and Transfer learning; Data Science and Machine Learning; Computer Vision and Image Processing; Natural Language Processing; Predictive Analytics; Deep Learning,,+91 (0) 482-2202212,BC 309,selvic at iiitkottayam dot ac.in,https://www.iiitkottayam.ac.in/#!faculty/selvi
Faculty,Dr. Goutam Mali,Assistant Professor,,IoT; Wireless Sensor Network; Game Theory; Security and Privacy; Intelligent Sensing and Decision Making; Machine Learning,,+91 (0) 482-2202214,BB 209,goutam at iiitkottayam dot ac.in,https://www.iiitkottayam.ac.in/#!faculty/goutam
Faculty,Dr. Sivaiah Bellamkonda,Assistant Professor,,Computer Vision; Machine Learning; Image Processing,,+91 (0) 482-2202170,AA 104,sivaiah at iiitkottayam dot ac.in,https://www.iiitkottayam.ac.in/#!pdf/faculty//
Faculty,Dr. Suchithra M S,Assistant Professor,,Data mining; Machine learning; Deep Learning; Soft computing; Computer Vision; AI in Agriculture,,+91 (0) 482-2202169,AC 317,suchithra at iiitkottayam dot ac.in,https://www.iiitkottayam.ac.in/#!faculty/suchithra
Faculty,Dr. Ananth A,Assistant Professor,,Wireless Communications; Cooperative Communications; MIMO Communication Systems; Index Modulation OFDM Systems; Orthogonal Time Frequency Space; Reconfigurable Intelligent Surfaces,,+91 (0) 482-2202176,AB 208 / AC 313,ananth at iiitkottayam dot ac.in,https://www.iiitkottayam.ac.in/#!faculty/ananth
Faculty,Dr. Santhos Kumar A.,Assistant Professor,,Pattern Classification and Image Segmentation and Classification,,+91 (0) 482-2202177,BD 409,santhos at iiitkottayam dot ac.in,https://www.iiitkottayam.ac.in/#!faculty/santhos
Faculty,Dr. A Balu,Assistant Professor,,Applied Cryptography; Pairing Based Cryptography; Attribute Based Encryption; Zero-Knowledge Protocol( ZK-SNARKs),,+91 (0) 482-2202182,BB 207,balu at iiitkottayam dot ac.in,https://www.iiitkottayam.ac.in/#!faculty/balu
Faculty,Dr. Lidiya Lilly Thampi,Assistant Professor,,Machine Learning; Underwater Imaging; Medical Image Processing,,+91 (0) 482-2202178,AB 207,lidiya at iiitkottayam dot ac.in,https://www.iiitkottayam.ac.in/#!faculty/lidiya
Faculty,Dr. Lavanya Settipalli,Assistant Professor,,Big Data Analytics; Natural Language Processing; Image Processing; Block Chain Technologies,,+91 (0) 482-2202189,AB 204,lavanya at iiitkottayam dot ac.in,https://www.iiitkottayam.ac.in/#!faculty/lavanya
Faculty,Dr. Susheel Kumar Joshi,Assistant Professor,,Swarm Intelligence; Nature-inspired Optimization Techniques; Evolutionary Computation; Optimization Algorithms; Soft Computing,,+91 (0) 482-2202185,BC 310,joshi at iiitkottayam dot ac.in,https://www.iiitkottayam.ac.in/#!faculty/susheel
Faculty,Dr. E. Silambarasan,Assistant Professor,,Cloud Data Security; Security Protocols; Cryptography; Web Mining; AI based Malware analysis; Privacy preserving healthcare data using federated learning,,+91 (0) 482-2202179,BB 211,silambarasan at iiitkottayam dot ac.in,https://www.iiitkottayam.ac.in/#!faculty/silambarasan
Faculty,Dr. Mathew.C.D,Assistant Professor,,Management Studies,,+91 (0) 482-2202144,CAB 102,mathewcd at iiitkottayam dot ac.in,https://www.iiitkottayam.ac.in/#!faculty/mathewcd
Faculty,Dr. Gayathri G.R.,Assistant Professor,,Human- Centered Artificial Intelligence; Digital Humanities; Cultural Analytics; Film Studies; Critical Disability Studies; Gender Studies & Cultural Studies; English Language Teaching,,+91 (0) 482-2202184,AB 209 E,gayathri at iiitkottayam dot ac.in,https://www.iiitkottayam.ac.in/#!faculty/gayathri
Faculty,Dr. Josit Mariya,Assistant Professor,,Proletarian Theory; Sociology; Film Studies; Comparative Studies; Prompt Engineering; Digital Humanities; Cultural studies,,+91 (0) 482-2202203,AC 304 B,jositmariya at iiitkottayam dot ac.in,https://www.iiitkottayam.ac.in/#!faculty/jositmariya
Faculty,Dr. Della Thomas,Assistant Professor,,Ocean Optics; Lasers; Spectroscopy; Embedded Systems; Optoelectronics,,+91 (0) 482-2202183,BC 313,della at iiitkottayam dot ac.in,https://www.iiitkottayam.ac.in/#!faculty/della
Faculty,Dr. Venkatesh S,Assistant Professor,,"Nanotechnology; Materials Science: Polymers, composites, metal oxides etc.,; Fabrication of Nanomaterials",,+91 (0) 482-2202205,BB 212,svenkatesh at iiitkottayam dot ac.in,https://www.iiitkottayam.ac.in/#!faculty/venkatesh
Faculty,Dr. Rajesh G,Assistant Professor,,Tensor data modeling in Internet of Things; Incremental tensor decomposition algorithms in Industrial IoT data; Wireless Sensor Networks; Co-operative perception in autonomous vehicles; V2X and V2I communications,,+91 (0) 482-2202223,BB 208,grajesh at iiitkottayam dot ac.in,https://www.iiitkottayam.ac.in/#!faculty/rajesh
Faculty,Dr. Minu A Pillai,Assistant Professor,,Acoustic Energy Harvesting; Piezoelectric Energy Harvesting; Acoustic Source Localization,,+91 (0) 482-2202218,AC 305 E,minupillai at iiitkottayam dot ac.in,https://www.iiitkottayam.ac.in/#!faculty/minupillai
Faculty,Dr. Abin Oommen Philip,Assistant Professor,,Digital Forensics and Crime investigation; Memory Forensics; Mobile Application Forensics and Security; Intelligent Transportation and Connected Vehicles; Digital Technologies for Wildlife and Nature Conservation,,+91 (0) 482-2202253,AC 304 D,abinphilip at iiitkottayam dot ac.in,https://www.iiitkottayam.ac.in/#!faculty/abinphilip
Faculty,Dr.Priyadharshini S,Assistant Professor,,Computer Vision; Deep Learning; Image Processing; Spatio-Temporal Video Summarization; Spherical Video Summarization,,+91 (0) 482-2202267,AC 305 D,priyadharshini at iiitkottayam dot ac.in,https://www.iiitkottayam.ac.in/#!faculty/priyadharshini
Faculty,Dr. Athira B,Assistant Professor,,Data Mining; Natural Language Processing; Health Informatics; Machine Learning,,+91 (0) 482-2202268,BB 213,athirab at iiitkottayam dot ac.in,https://www.iiitkottayam.ac.in/#!faculty/athirab
Faculty,Dr. Debarati Ganguly,Assistant Professor,,IoT enabled Wireless Implantable Antennas for Biomedical Telemetry; Catheter-type Microwave Ablators for Hepatic Tumors and Cardiac Arrythmia; ON-to-OFF Body Ultrawideband Channel Modelling; Antennas for 5G RF Energy Harvesting in IoT Greens,,+91 (0) 482-2202261,AA 112 A,debarati at iiitkottayam dot ac.in,https://www.iiitkottayam.ac.in/#!faculty/debarati
Faculty,Dr. Lakshmi N S,Assistant Professor,,CMOS Radio Frequency Integrated Circuit Design; Analog Integrated Circuit Design; Design of transceiver blocks for RF front-end; Full Custom Integrated Circuit Design; VLSI Circuit Design using EDA tools,,+91 (0) 482-2202260,AB 223,lakshmins at iiitkottayam dot ac.in,https://www.iiitkottayam.ac.in/#!faculty/lakshmins
Faculty,Dr. Chakradhar Padamutham,Assistant Professor,,Graph Theory; Algorithms; Theoretical Computer Science,,+91 (0) 482-2202263,BD 411,chakradhar at iiitkottayam dot ac.in,https://www.iiitkottayam.ac.in/#!faculty/chakradhar
Faculty,Dr. Emy Mariam George,Assistant Professor,,"Wireless Communication; Wireless Body Area Networks, Sensor Networks; Game Theory",,+91 (0) 482-2202270,AC 305 A,emy at iiitkottayam dot ac.in,https://www.iiitkottayam.ac.in/#!faculty/emy
Faculty,Dr. Sreeja M U,Assistant Professor,,Computer Vision; Machine Learning; Deep learning; Explainable AI for healthcare; Video summarization,,+91 (0) 482-2202271,AB 206,sreeja at iiitkottayam dot ac.in,https://www.iiitkottayam.ac.in/#!faculty/sreeja
Faculty,Dr. Kanchan Lata Kashyap,Assistant Professor,,Image Processing; Machine Learning; Natural Language processing,,+91 (0) 482-2202272,BD 410,kanchanlata at iiitkottayam dot ac.in,https://www.iiitkottayam.ac.in/#!faculty/kanchanlata
Faculty,Dr. Deepak Jose,Assistant Professor,,Networking Security in IoT devices; Wireless mesh networking; Device fingerprinting for cyber security; Spatial Modulation; Detection and estimation problems in IRS-assisted wireless systems.; Orthogonal time frequency space (OTFS) modulation,,+91 (0) 482-2202273,AB 209 B,deepakjose at iiitkottayam dot ac.in,https://www.iiitkottayam.ac.in/#!faculty/deepak
Faculty,Dr. Vineeth Palliyembil,Assistant Professor,,"Free Space Optics; Visible Light Communication,; Wireless Communication; Optical Communication; Photonics; Machine Learning for communication systems",,+91 (0) 482-2202274,AB 209 C,vineeth at iiitkottayam dot ac.in,https://www.iiitkottayam.ac.in/#!faculty/vineeth
Faculty,Dr. Milind Thomas Themalil,Assistant Professor,,RF & Microwave; MIMO for 5G and beyond networks; Microstrip antenna design for small satellite communication; Optical Wireless Communication,,+91 (0) 482-2202221,BC 311,milind at iiitkottayam dot ac.in,https://www.iiitkottayam.ac.in/#!faculty/milind
Faculty,Dr. Asha Sebastian,Assistant Professor,,"Geometric function theory:Radii problems, Differential subordination; Quantum Computing; Post Quantum Cryptography; AI Education; Data Science",,+91 (0) 482-2202248,AB 217,asha at iiitkottayam dot ac.in,https://www.iiitkottayam.ac.in/#!faculty/asha
Faculty,Dr. Murugan D,Assistant Professor,,Fluid Mechanics; Bio Fluid Mechanics; Machine Learning-based modelling and prediction in Fluid Mechanics; Operation Research; Data Science,,+91 (0) 482-2202249,AC 304 C,murugand at iiitkottayam dot ac.in,https://www.iiitkottayam.ac.in/#!faculty/murugan
Faculty,Dr. Suriyapriya K,Assistant Professor,,Fuzzy Decision making problems; Neural Computing; Fuzzy Optimization; Fuzzy Similarity measure,,+91 (0) 482-2202254,AC 311,suriyapriya at iiitkottayam dot ac.in,https://www.iiitkottayam.ac.in/#!faculty/suriyapriya
Faculty,Dr. Riyasudheen T K,Assistant Professor,,Computational Mathematics; Mathematical and Computational Finance; Artificial Neural Network (ANN) methods for PDEs; Deep learning in Option Pricing Models; Quantum Computing; Quantum PDEs; Sports Analytics,,+91 (0) 482-2202256,BD 412,riyasudheen at iiitkottayam dot ac.in,https://www.iiitkottayam.ac.in/#!faculty/riyasudheen
Faculty,Dr. Binu M,Assistant Professor,,Network Science; Fuzzy Graph Structures; Connectivity Analysis in Weighted Networks; Reliability Parameters; Decision Making Problems,,+91 (0) 482-2202276,AC 304 B,binum at iiitkottayam dot ac.in,https://www.iiitkottayam.ac.in/#!faculty/binum
Faculty,Dr.Jobin Jose,Assistant Professor,,Cache memories and Reconfigurablity; Machine Learning for Systems; Ethical Hacking and Penetration Testing; Cyber Security; Hardware Security; Complex Networks,,+91 (0) 482-2202259,AB 209 G,jobin at iiitkottayam dot ac.in,https://www.iiitkottayam.ac.in/#!faculty/jobin
Faculty,Dr. Balasubramanian P,Assistant Professor,,Machine Learning; Deep Learning; Natural Language Processing; Social Network Analysis,,+91 (0) 482-2202258,BD 408,pbala at iiitkottayam dot ac.in,https://www.iiitkottayam.ac.in/#!faculty/bala
Faculty,Dr. Dhakshayani J,Assistant Professor,,Computer Vision; Machine Learning; Deep Learning; Image Processing; Precision Agriculture; High Throughput Phenotyping; Multimodal AI,,+91 (0) 482-2202275,AB 209 F,dhakshayani at iiitkottayam dot ac.in,https://www.iiitkottayam.ac.in/#!faculty/dhakshayani
Faculty,Dr.S.Jai Ganesh,Assistant Professor,,Information Security; Artificial Intelligence for Cyber Security; Web Application Security,,+91 (0) 482-2202277,AC 304 A,jaiganesh at iiitkottayam dot ac.in,https://www.iiitkottayam.ac.in/#!faculty/jaiganesh
Faculty,Dr. Krishnendhu S P,Assistant Professor,,Intelligent Transportation Systems (ITS); Computer Vision; Image Processing; Machine Learning and Deep Learning,,+91 (0) 482-2202174,AA 107,krishnendhu at iiitkottayam dot ac.in,https://www.iiitkottayam.ac.in/#!faculty/krishnendhu
Faculty,Dr. Jeena Thomas,Assistant Professor,,Computer Vision; Responsible Artificial Intelligence; Explainable AI (XAI); Vision Language Models; Deep Learning; AI for Social Good,,+91 (0) 482-2202278,BA 101 C,jeenathomas at iiitkottayam dot ac.in,https://www.iiitkottayam.ac.in/#!faculty/jeenathomas
Faculty,Dr. Fasila K A,Assistant Professor,,Lightweight Cryptography; IoT Security; Applied Cryptography; Ethical hacking; Cyber security,,+91 (0) 482-2202279,BA 101 A,fasilaka at iiitkottayam dot ac.in,https://www.iiitkottayam.ac.in/#!faculty/fasilaka
Faculty,Dr. Renu Mary Daniel,Assistant Professor,,Social Network Analysis; Financial Crime Detection; Network Forensics; Design of Cryptographic Algorithms; Information Security,,+91 (0) 482-2202280,BA 101 B,renudaniel at iiitkottayam dot ac.in,https://www.iiitkottayam.ac.in/#!faculty/renudaniel
Faculty,Dr. Sara Renjit,Assistant Professor,,Natural Language Processing; Software Engineering; Machine Learning; Database Management Systems; Deep Learning; Explainable AI; DevOps & Agile,,+91 (0) 482-2202299,CAB 202 F,sararenjit at iiitkottayam dot ac.in,https://www.iiitkottayam.ac.in/#!faculty/sara
Faculty,Dr. Sushitha Susan Joseph,Assistant Professor,,Machine Learning; Deep Learning; Medical Image Processing,,+91 (0) 482-2202257,CAB 202 E,sushithasj at iiitkottayam dot ac.in,https://www.iiitkottayam.ac.in/#!faculty/sushitha
Faculty,Dr. Sreelakshmy I J,Assistant Professor,,Computer Vision; Machine Learning; Deep Learning; Image Processing,,+91 (0) 482-2202224,CAB 202 G,sreelakshmy at iiitkottayam dot ac.in,https://www.iiitkottayam.ac.in/#!faculty/sreelakshmy
Faculty,Dr. Mahima Mary Mathews,Assistant Professor,,"Cryptography - Post-Quantum Cryptography, Quantum Cryptography; Quantum Cryptanalysis; Quantum Computing and Communication; Network Security; Ethical Hacking; Digital Forensics; Delay Tolerant Network; Distributed ledger technology",,+91 (0) 482-2202226,AC 304 B,mahimamm at iiitkottayam dot ac.in,https://www.iiitkottayam.ac.in/#!faculty/mahima
Faculty,Dr. R Tharaniya Sairaj,Assistant Professor,,Artificial Intelligence in Education; Data Science; Machine Learning and Deep Learning; Natural Language Processing; Knowledge Models,,+91 (0) 482-2202227,AC 301 D,sairaj at iiitkottayam dot ac.in,https://www.iiitkottayam.ac.in/#!faculty/sairaj
Faculty,Dr. Anu Maria Sebastian,Assistant Professor,,Applied AI; Machine learning; Data imputation; Healthcare data analytics,,+91 (0) 482-2202228,AB 209 C,anumaria at iiitkottayam dot ac.in,https://www.iiitkottayam.ac.in/#!faculty/anumaria
Faculty,Dr. Anandhu Mohan,Assistant Professor,,Graph Theory; Fuzzy Graph Theory; Network Science; Social Network Analysis,,+91 (0) 482-2202362,AB 209 A,anandhum at iiitkottayam dot ac.in,https://www.iiitkottayam.ac.in/#!faculty/anandhum
Faculty,Dr. Rosebell Paul,Assistant Professor,,Named Data Networking; Electric Vehicle charging Infrastructure; Machine Learning,,+91 (0) 482-2202363,AC 305 C,rosebell at iiitkottayam dot ac.in,https://www.iiitkottayam.ac.in/#!faculty/rosebell
Faculty,Dr. Nayana P G,Assistant Professor,,Graph Theory; Domination; Algorithm; Interconnection Networks; Brain Network and Network Analysis,,+91 (0) 482-2202364,BA 101 D,nayanapg at iiitkottayam dot ac.in,https://www.iiitkottayam.ac.in/#!faculty/nayanapg
Faculty,Dr. Reetha Thomas,Assistant Professor,,Physics-Informed and Graph Neural Networks; Spatio-Temporal Climate Modelling; Uncertainty Quantification; Fractional Calculus and Dynamical Systems; Mathematical modelling; Nonlinear Partial Differential Equations,,+91 (0) 482-2202365,BA 100 B,reethathomas at iiitkottayam dot ac.in,https://www.iiitkottayam.ac.in/#!faculty/reethathomas
Faculty,Dr. Gayathri Varma,Assistant Professor,,Hybrid models of Fuzzy sets and their applications in data reduction; Matrix Analysis,,+91 (0) 482-2202366,AC 301 E,gvarma at iiitkottayam dot ac.in,https://www.iiitkottayam.ac.in/#!faculty/gayathrivarma
Faculty,Dr. Ansith S,Assistant Professor,,Remote sensing; Computer vision; Deep learning; Explainable AI; Image processing,,+91 (0) 482-2202229,CAB 202 B,ansiths at iiitkottayam dot ac.in,https://www.iiitkottayam.ac.in/#!faculty/ansiths
Faculty,Dr. Jisha Mariyam John,Assistant Professor,,Robustness of Complex networks; Graph-based machine learning; Climate dynamics; Weighted Network Analysis; Epidemic Spreading Models on Networks; Graph Algorithms and Network Measures,,+91 (0) 482-2202230,CAB 202 C,jishamj at iiitkottayam dot ac.in,https://www.iiitkottayam.ac.in/#!faculty/jishamj
Faculty,Dr. Syamala S,Assistant Professor,,Human Computer Interaction; E-learning; Healthcare; AI for Social Good; UX/UI Interface Design; User Centred Design; Usability Evaluation Research; Educational technology,,+91 (0) 482-2202231,CAB 202 D,syamala at iiitkottayam dot ac.in,https://www.iiitkottayam.ac.in/#!faculty/syamala
Faculty,Dr. Alkha Mohan,Assistant Professor,,Image Processing; Precision agriculture; Remote sensing image analysis; Machine Learning,,+91 (0) 482-2202367,AB 216,alkha at iiitkottayam dot ac.in,https://www.iiitkottayam.ac.in/#!faculty/alkha
Faculty,Dr. Kumaresan G,Assistant Professor,,Cellular Automata in the Context of Cryptography; Cellular Automata in the Context of Artificial Intelligence; Evolutionary Computation; Reinforcement Learning; Adversarial AI; Quantum Computing,,+91 (0) 482-2202368,AC 301 H,kumaresang at iiitkottayam dot ac.in,https://www.iiitkottayam.ac.in/#!faculty/kumaresan
Faculty,Dr. Mirothali Chand C,Assistant Professor,,Reinforcement Learning; Machine Learning; Optimization; Geohazards; AI for climate change; AI for sustainability,,+91 (0) 482-2202369,BA 101 D,mirothalichand at iiitkottayam dot ac.in,https://www.iiitkottayam.ac.in/#!faculty/mirothali
Faculty,Dr. Sridhar Raj S,Assistant Professor,,Computer Vision; Deep learning; Person Re-identification; Multi-camera Smart Surveillance System; Brain Computing,,+91 (0) 482-2202370,AC 317,sridhar at iiitkottayam dot ac.in,https://www.iiitkottayam.ac.in/#!faculty/sridhar
Faculty,Dr. A V Prajeesh,Assistant Professor,,Graph Theory and Combinatorics; Machine Learning; Geometric Deep Learning,,+91 (0) 482-2202371,AA 119,prajeesh at iiitkottayam dot ac.in,https://www.iiitkottayam.ac.in/#!faculty/prajeesh
Faculty,Dr. Jaisooraj J,Assistant Professor,,Computer Networks; Wireless Networks; Communication Protocols for IoT Networks; Networking Paradigms; Security of Routing Protocols,,+91 (0) 482-2202372,AB 219,jaisooraj at iiitkottayam dot ac.in,https://www.iiitkottayam.ac.in/#!faculty/jaisooraj
Faculty,Dr. Nisha J S,Assistant Professor,,Signal Processing; Biomedical Image Processing; Machine Learning and Deep Learning; Computer Vision,,+91 (0) 482-2202373,AA 117,nishajs at iiitkottayam dot ac.in,https://www.iiitkottayam.ac.in/#!faculty/nisha
Faculty,Ms. Anitha Ambat,Assistant Professor,,Machine learning; Smart home security; Anomaly detection; Activity recognition; Explainable AI,,+91 (0) 482-2202374,AA 108,anithaambat at iiitkottayam dot ac.in,https://www.iiitkottayam.ac.in/#!faculty/anitha
Faculty,Dr. JALAJA M J,Adjunct Professor,,Wireless Sensor Networks and IoT; Underwater Communication; Underwater Sensor Networks; Indian Knowledge Systems; Educational Technology,,+91 (0) 482-2202246,CAB 103 D,jalaja at iiitkottayam dot ac.in,https://www.iiitkottayam.ac.in/#!faculty/jalaja
Faculty,Dr. Leena Mary,Adjunct Professor(ECE),,Speech Processing; Image Processing; Machine Learning; Speaker Forensics,,+91 (0) 482-2202143,CAB 103 C,leena at iiitkottayam dot ac.in,https://www.iiitkottayam.ac.in/#!faculty/leenamary
Faculty,Dr. Sujamol S,Adjunct Faculty,,Machine Learning; Soft Computing; Computational Biology; Bioinformatics,,,,sujamol at iiitkottayam dot ac.in,https://www.iiitkottayam.ac.in/#!pdf/faculty//
Faculty,Dr. Angel Thomas,Adjunct Faculty,,Psychology,,+91-9447664199,,angelthomaspradeep at gmail dot com,https://www.iiitkottayam.ac.in/#!faculty/angelthomas
Faculty,Dr Raghunadhan T,Adjunct Faculty,,Management Studies,,+919446784704,,raghu.vaidyaratnam at gmail.com,https://www.iiitkottayam.ac.in/#!pdf/faculty//
Faculty,Dr. Mathew Joseph,Adjunct Faculty,,Human Resource Management (HRM),,,,,https://www.iiitkottayam.ac.in/#!faculty/mathewjoseph
Faculty,Dr. Sajimon Abraham,Adjunct Faculty,,HR & Finance,,+919446224240,,sajimonabraham at mgu.ac.in,https://www.iiitkottayam.ac.in/#!pdf/faculty//
Faculty,Dr. Alexander G,Adjunct Faculty(CSE),,,,,,alex at iiitkottayam dot ac.in,https://www.iiitkottayam.ac.in/#!pdf/faculty//
Faculty,Dr. Sherin V. George,Adjunct Faculty (Personality Development),,Psycho-Physiological Diagnostic Devices; Sport Psychology; Anomalistic Psychology,,,,,https://www.iiitkottayam.ac.in/#!pdf/faculty//
Faculty,Dr. Sasikumaran Sreedharan,Adjunct Faculty,,Real Time Systems; Software Quality; Sensor Networks and Quality; Education Management,,,,,https://www.iiitkottayam.ac.in/#!pdf/faculty//
Faculty,Dr. S. Vinaya Kumar,Adjunct Faculty,,English Language,,,,,https://www.iiitkottayam.ac.in/#!pdf/faculty//
Faculty,Dr. Antony Palackal,Adjunct Faculty,,Sociology of Science and Development; Social Movements; Cultural Dynamics and Gender and Society,,,,,https://www.iiitkottayam.ac.in/#!pdf/faculty//
Faculty,Dr. D Narayana,Adjunct Faculty,,Economics,,,,,https://www.iiitkottayam.ac.in/#!pdf/faculty//
Faculty,Dr. Oommen K Mathew,Adjunct Faculty,,Bioinformatics,,,,,https://www.iiitkottayam.ac.in/#!pdf/faculty//
Faculty,Dr Augustine Joseph,Adjunct Faculty,,Communication Skills,,,,,https://www.iiitkottayam.ac.in/#!pdf/faculty//
Faculty,Dr Shabu B Raj,Adjunct Faculty,,Personality Development,,,,,https://www.iiitkottayam.ac.in/#!pdf/faculty//
Faculty,Dr M.K. Mathew,Adjunct Faculty,,Personality Development,,,,,https://www.iiitkottayam.ac.in/#!pdf/faculty//
Faculty,Sr. Lissy George,Adjunct Faculty,,German,,,,,https://www.iiitkottayam.ac.in/#!pdf/faculty//
Faculty,Dr. N.K Narayanan,Adjunct Faculty,,Machine Learning; Soft Computing; Computer Vision; Data Science; Computational Science & Engineering; Computer Speech & Natural Language Technology,,,,,https://www.iiitkottayam.ac.in/#!pdf/faculty//
Faculty,Dr.Sarika Lohana,Adjunct Faculty,,Accountancy,,,,,https://www.iiitkottayam.ac.in/#!pdf/faculty//
Faculty,Karthik A,Adjunct Faculty,,French,,,,,https://www.iiitkottayam.ac.in/#!pdf/faculty//
Faculty,Prof. Sadanand Sadashiv Gokhale,Adjunct Faculty,,Big Data Analytics,,,,,https://www.iiitkottayam.ac.in/#!pdf/faculty//
Faculty,Ms. Beena Gokhale,Adjunct Faculty,,Soft Skills & Personality Development,,,,,https://www.iiitkottayam.ac.in/#!pdf/faculty//
Faculty,Ms. Ansmol George,Lab Faculty,,,,,,,https://www.iiitkottayam.ac.in/#!pdf/faculty//
Faculty,Ms. Helena Thomas,Lab Faculty,,,,,,,https://www.iiitkottayam.ac.in/#!pdf/faculty//
Faculty,Ms. Anju Augustin,Lab Faculty,,,,,,,https://www.iiitkottayam.ac.in/#!pdf/faculty//
Faculty,Ms. Mariya Thomas,Lab Faculty,,,,,,,https://www.iiitkottayam.ac.in/#!pdf/faculty//
Faculty,Ms. Sheba Elizabeth Thomas,Lab Faculty,,,,,,,https://www.iiitkottayam.ac.in/#!pdf/faculty//
Faculty,Ms. Prashamol Prakashan,Lab Faculty,,,,,,,https://www.iiitkottayam.ac.in/#!pdf/faculty//
Faculty,Ms. Renji S,Lab Faculty,,,,,,,https://www.iiitkottayam.ac.in/#!pdf/faculty//
Faculty,Ms. Amrita Kumari,Lab Faculty,,,,,,,https://www.iiitkottayam.ac.in/#!pdf/faculty//
Faculty,Ms. Annie Sonia,Lab Faculty,,,,,,,https://www.iiitkottayam.ac.in/#!pdf/faculty//
Faculty,Ms. Aswathy James,Lab Faculty,,,,,,,https://www.iiitkottayam.ac.in/#!pdf/faculty//
Faculty,Ms. Christy K T,Lab Faculty,,,,,,,https://www.iiitkottayam.ac.in/#!pdf/faculty//
Faculty,Ms. Gopikrishna P B,Lab Faculty,,,,,,,https://www.iiitkottayam.ac.in/#!pdf/faculty//
Faculty,Ms. Kavya Raj,Lab Faculty,,,,,,,https://www.iiitkottayam.ac.in/#!pdf/faculty//
Faculty,Ms. Remya R,Lab Faculty,,,,,,,https://www.iiitkottayam.ac.in/#!pdf/faculty//
Faculty,Ms. Thomsy William,Lab Faculty,,,,,,,https://www.iiitkottayam.ac.in/#!pdf/faculty//
Faculty,Ms. Anu K P,Lab Faculty,,,,,,,https://www.iiitkottayam.ac.in/#!pdf/faculty//
Faculty,Ms. Elizabeth Antony,Lab Faculty,,,,,,,https://www.iiitkottayam.ac.in/#!pdf/faculty//
Faculty,Ms. Neethu C T,Lab Faculty,,,,,,,https://www.iiitkottayam.ac.in/#!pdf/faculty//
Faculty,Ms. Rintu Jose,Lab Faculty,,,,,,,https://www.iiitkottayam.ac.in/#!pdf/faculty//
Faculty,Ms. Sharon Justine,Lab Faculty,,,,,,,https://www.iiitkottayam.ac.in/#!pdf/faculty//
Faculty,Ms. Amala Mathew,Lab Faculty,,,,,,,https://www.iiitkottayam.ac.in/#!pdf/faculty//
Faculty,Ms. Ann Preetha Jose,Lab Faculty,,,,,,,https://www.iiitkottayam.ac.in/#!pdf/faculty//
Faculty,Ms. Shelcy Paulose,Lab Faculty,,,,,,,https://www.iiitkottayam.ac.in/#!pdf/faculty//
Faculty,Ms. Annette James,Lab Faculty,,,,,,,https://www.iiitkottayam.ac.in/#!pdf/faculty//
Faculty,Ms. Ashly Ann Jo,Lab Faculty,,,,,,,https://www.iiitkottayam.ac.in/#!pdf/faculty//
Faculty,Ms. Jane George,Lab Faculty,,,,,,,https://www.iiitkottayam.ac.in/#!pdf/faculty//
Faculty,Mr. Mahesh Sasikumar,Lab Faculty,,,,,,,https://www.iiitkottayam.ac.in/#!pdf/faculty//
Faculty,Ms. Parvathy Gopakumar,Lab Faculty,,,,,,,https://www.iiitkottayam.ac.in/#!pdf/faculty//
Faculty,Ms. Sweety Kunjachan,Lab Faculty,,,,,,,https://www.iiitkottayam.ac.in/#!pdf/faculty//
Faculty,Dr. Akarsh K Nair,Former Faculty,,Cyber Physical Systems; Federated Learning; Privacy Preservation; AI based Security,,,,akarshkn at iiitkottayam dot ac.in,https://www.iiitkottayam.ac.in/#!pdf/faculty//
Faculty,Dr. Bhanu Chander,Former Faculty,,Cyber Security; Network Security; IoT Security; AI & Security,,,,bhanu at iiitkottayam dot ac.in,https://www.iiitkottayam.ac.in/#!pdf/faculty//
Faculty,Dr. Ravi Ajmeera,Former Faculty,,Deep Learning; IoT; Communications and Signal Processing; Optimization in Systems Engineering; Remote Sensing Applications,,,,draravi at iiitkottayam dot ac.in,https://www.iiitkottayam.ac.in/#!pdf/faculty//
Faculty,Dr. Maisagalla Gopal,Former Faculty,,Material-Device-Circuit Co-design for Robust SRAM Cell; Advanced MOS Devices modelling and simulation; Steep Switching Devices; Digital Integrated Circuit Design; Reliable and Secure Circuits,,,,mgopal at iiitkottayam dot ac.in,https://www.iiitkottayam.ac.in/#!pdf/faculty//
Faculty,Dr. Mirza Ghalib,Former Faculty,,Theoretical Computer Science; Data Structures; Algorithms; Graph Theoretic problems,,,,mirza.baig at iiitkottayam dot ac.in,https://www.iiitkottayam.ac.in/#!pdf/faculty//
Faculty,Dr. Keshab Nath,Former Faculty,,Data Mining; Machine Learning; Computational Biology,,,,keshabnath at iiitkottayam dot ac.in,https://www.iiitkottayam.ac.in/#!pdf/faculty//
Faculty,Dr. Sweeti Sah,Former Faculty,,Machine Learning; Deep Learning,,,,sweeti at iiitkottayam dot ac.in,https://www.iiitkottayam.ac.in/#!pdf/faculty//
Faculty,Dr. Nilotpal Chakraborty,Former Faculty,,Smart Grid and Electric Vehicles; Cyber-Physical Systems; Graph Theory; Computational Complexity; Optimization Techniques; Scheduling Algorithms,,,,nilotpal at iiitkottayam dot ac.in,https://www.iiitkottayam.ac.in/#!pdf/faculty//
Faculty,Dr. Gangireddy Narendra Kumar Reddy,Former Faculty,,"Signal Processing-Denoising, Compression, Signal Quality Assessment and Feature Extraction; Energy-Efficient Strategies for IoT Enabled Health Monitoring; Artificial Intelligence Framework for Improving Diagnostic Accuracy and Reducing False Alarms; Compressed Sensing and Sparse Representation",,,,gnkreddy at iiitkottayam dot ac.in,https://www.iiitkottayam.ac.in/#!pdf/faculty//
Faculty,Dr. T Sugirtha,Former Faculty,,Computer Vision; Deep Learning,,,,sugirtha at iiitkottayam dot ac.in,https://www.iiitkottayam.ac.in/#!pdf/faculty//
Faculty,Dr. Oswald C,Former Faculty,,Data Mining; Machine Learning; Social Media Analytics (Computational Science for Social Good); Data Compression; Natural Language Processing; Human Computer Interaction,,,,oswaldc at iiitkottayam dot ac.in,https://www.iiitkottayam.ac.in/#!pdf/faculty//
Faculty,Dr. Suresh Chavhan,Former Faculty,,Intelligent Transportation System; Autonomous Vehicle Systems; 5G; Drone Communication; Edge Intelligence with AI; 3D-Networking; Zero Touch Network; Age of Information in ITS,,,,sureshc at iiitkottayam dot ac.in,https://www.iiitkottayam.ac.in/#!pdf/faculty//
Faculty,Dr. Konjengbam Anand,Former Faculty,,Sentiment Analysis; NLP; Information Management and Business Intelligence; Data Analytics,,,,kanand at iiitkottayam dot ac.in,https://www.iiitkottayam.ac.in/#!pdf/faculty//
Faculty,Dr. Bibin Francis,Former Faculty,,,,,,bibin at iiitkottayam dot ac.in,https://www.iiitkottayam.ac.in/#!pdf/faculty//
Faculty,Dr. Bini A. A.,Former Faculty,,Signal Processing; Image Processing; Computer Vision,,,,bini at iiitkottayam dot ac.in,https://www.iiitkottayam.ac.in/#!pdf/faculty//
Faculty,Prof. V. Ramakrishnan,Former Faculty (Former Mentor Director),,Optoeletronics; Classical Mechanics,,,,,https://www.iiitkottayam.ac.in/#!pdf/faculty//
Faculty,Dr. Rajiv V. Dharaskar,Former Director,,"Digital Forensics (Image, Web, Mobile, Cloud, Networks, etc.); Cyber Security; Data Science; HCI; E-learning; NLP; AI",,,,,https://www.iiitkottayam.ac.in/#!pdf/faculty//
Faculty,Dr. Sunil Kumar Kashyap,Former Faculty,,Cryptography; Network Security,,,,kashyap at iiitkottayam.ac.in,https://www.iiitkottayam.ac.in/#!pdf/faculty//
Faculty,Prof.Govindan V K,Professor (Former Faculty),,Image Processing; Medical Imaging; agent Technology,,,,vkg at nitc.ac.in,https://www.iiitkottayam.ac.in/#!pdf/faculty//
Faculty,Dr Boddepalli SanthiBhushan,Former Faculty,,Micro/Nano-Electronics; Device Modelling – Electronic and Energy Devices; Graphene Supercapacitors; VLSI Design,,,,,https://www.iiitkottayam.ac.in/#!pdf/faculty//
Faculty,Dr. Priyambada Subudhi,Former Faculty,,Image Processing; Image Segmentation; Active Contours; Graph Cuts; Machine Learning,,,,priyambada at iiitkottayam.ac.in,https://www.iiitkottayam.ac.in/#!pdf/faculty//
Faculty,Dr.Kalka Dubey,Former Faculty,,Cloud Computing; Fog Computing; Soft Computing; Internet of Thing (IoT),,,,,https://www.iiitkottayam.ac.in/#!pdf/faculty//
Faculty,Dr. Resmi Ramachandran Pillai,Former Faculty,,Machine Learning; Deep Learning,,,,,https://www.iiitkottayam.ac.in/#!pdf/faculty//
Faculty,Dr. Lekshmi B.G,Former Faculty,,Query optimization for modern hardware; Image processing using machine learning approaches; Data science,,,,lekshmi at iiitkottayam.ac.in,https://www.iiitkottayam.ac.in/#!pdf/faculty//
Faculty,Dr. Anoop B N,Former Faculty,,Image Processing; Medical Image Processing; Deep Learning; Convolutional Neural Networks; Auto-encorders; GANs,,,,anoop at iiitkottayam.ac.in,https://www.iiitkottayam.ac.in/#!pdf/faculty//
Faculty,Dr. Samson Anosh Babu P,Former Faculty,,Machine learning; Feature selection; NGS data analysis,,,,,https://www.iiitkottayam.ac.in/#!pdf/faculty//
Faculty,Dr. Avinash Kumar Mittal,Former Faculty,,Numerical methods; High Performance Computing; Algorithms; Parallel Computing; Computational Fluid Dynamics; Spectral Method; Applied PDEs,,,,,https://www.iiitkottayam.ac.in/#!pdf/faculty//
Faculty,Dr. N. Annamalai,Former Faculty,,Algebraic Coding Theory; Algebra; Cryptography,,,,,https://www.iiitkottayam.ac.in/#!pdf/faculty//
Faculty,Dr. Jobish John,Assistant Professor (Former Faculty),,Internet of Things/ Wireless sensor networks; Lifetime maximization in IoT/ Sensor networks; Embedded/ Hardware system design; Design and development of cost effective solutions for socially relevant applications,,,,,https://www.iiitkottayam.ac.in/#!pdf/faculty//
Faculty,Dr. Jaise Jose,Assistant Professor (Former Faculty),,Numerical Functional Analysis,,,,,https://www.iiitkottayam.ac.in/#!pdf/faculty//
Faculty,Dr. Renjith P.,Assistant Professor (Former Faculty),,Graph Theory; Design and Analysis of Graph Algoritms,,,,,https://www.iiitkottayam.ac.in/#!pdf/faculty//
Faculty,Dr. Manikandan V. M.,Assistant Professor (Former Faculty),,Digital Image Watermarking; Reversible Data Hiding; Digital Image Forensics,,,,,https://www.iiitkottayam.ac.in/#!pdf/faculty//
Faculty,Dr. Gaanutula Damodar Reddy,Assistant Professor (Former Faculty),,Functional Analysis/Numerical Functional Analysis; Fractional & Weighted Regularization Schemes for Solving Ill-posed Problems and Parameter Choice rules for Fractional and Weighted Regularization Schemes,,,,,https://www.iiitkottayam.ac.in/#!pdf/faculty//
Faculty,Dr. Riby Abraham Boby,Assistant Professor (Former Faculty),,Robotics; Machine Vision; Human-Machine Interface,,,,riby.abraham at iiitkottayam dot ac.in,https://www.iiitkottayam.ac.in/#!pdf/faculty//
Faculty,Prof. M. P. Rajan,Former Faculty & Former PIC,,Machine Learning; Data Science; Deep Learning,,,,,https://www.iiitkottayam.ac.in/#!pdf/faculty//
Professional Support Staff,Dr. Rani Stanly,Medical Officer,Medical Officer,,,+91 0482-2202132,BB 203,mo1 at iiitkottayam dot ac.in,
Professional Support Staff,Dr. Radhakrishnan Nair,Medical Officer,Medical Officer,,,+91 0482-2202132,BB 203,mo2 at iiitkottayam dot ac.in,
Professional Support Staff,Ms. Renjitha T.R,Psychologist,Psychologist,,,+91 0482-2202107,AB 209 D,counsellor at iiitkottayam dot ac.in,
Professional Support Staff,Ms. Priya Mol K,Physical Education Instructor,Physical Education Instructor,,,+91 0482-2202106,BD 405,pet at iiitkottayam dot ac.in,
Professional Support Staff,Ms. Sumi,Staff Nurse,Staff Nurse,,,+91 0482-2202105,,nurse at iiitkottayam dot ac.in,
Professional Support Staff,Ms. Vinduja Vijayan,Staff Nurse,Staff Nurse,,,+91 0482-2202105,,nurse at iiitkottayam dot ac.in,
Professional Support Staff,Ms. Anjali Girish,Psychologist,Psychologist,,,+91 0482-2202240,BB 203,counsellor1 at iiitkottayam dot ac.in,
